<?xml version="1.0" encoding="UTF-8"?>
<rss version="2.0" xmlns:ror="http://rorweb.com/0.1/" >
<channel>
  <title>ROR Sitemap for http://kochchiya.github.io/</title>
  <link>http://kochchiya.github.io/</link>

<item>
     <link>https://kochchiya.github.io/</link>
     <title> 🌻කෝච්චිය🌻</title>
     <description> 🌻කෝච්චිය🌻</description>
     <ror:updatePeriod></ror:updatePeriod>
     <ror:sortOrder>0</ror:sortOrder>
     <ror:resourceOf>sitemap</ror:resourceOf>
</item>
<item>
     <link>https://kochchiya.github.io/index.html</link>
     <title> 🌻කෝච්චිය🌻</title>
     <description> 🌻කෝච්චිය🌻</description>
     <ror:updatePeriod></ror:updatePeriod>
     <ror:sortOrder>1</ror:sortOrder>
     <ror:resourceOf>sitemap</ror:resourceOf>
</item>
<item>
     <link>https://kochchiya.github.io/bots.html</link>
     <title>Bots</title>
     <description>Bots</description>
     <ror:updatePeriod></ror:updatePeriod>
     <ror:sortOrder>1</ror:sortOrder>
     <ror:resourceOf>sitemap</ror:resourceOf>
</item>
<item>
     <link>https://kochchiya.github.io/admins.html</link>
     <title>Admins</title>
     <description>Admins</description>
     <ror:updatePeriod></ror:updatePeriod>
     <ror:sortOrder>1</ror:sortOrder>
     <ror:resourceOf>sitemap</ror:resourceOf>
</item>
</channel>
</rss>
  